"","Df","SumOfSqs","R2","F","Pr(>F)"
"Sp",3,24.7473249752219,0.615349597357753,31.0409169214791,1e-04
"Water_treatment",1,1.65039232104264,0.0410374960224085,6.21033072988196,4e-04
"Residual",52,13.8189742908988,0.343612906619839,NA,NA
"Total",56,40.2166915871633,1,NA,NA
