"","Df","SumOfSqs","R2","F","Pr(>F)"
"Plant",7,25.7870100209092,0.641201675304891,13.7717805740464,1e-04
"Water_treatment",1,1.62737358406582,0.0404651282798524,6.08379270241375,4e-04
"Plant:Water_treatment",1,0.230124445962971,0.00572211280642549,0.86029995736978,0.5191
"Residual",47,12.5721835362253,0.312611083608831,NA,NA
"Total",56,40.2166915871633,1,NA,NA
