"","Df","SumOfSqs","R2","F","Pr(>F)"
"Plant",1,0.549064549735275,0.071889115172981,1.99427147675726,0.0867
"Water_treatment",1,1.62737358406582,0.213072301008652,5.91082546177029,5e-04
"Plant:Water_treatment",1,0.230124445962968,0.0301302329715631,0.835840920543466,0.6006
"Residual",19,5.23109645128821,0.684908350846804,NA,NA
"Total",22,7.63765903105228,1,NA,NA
